<?xml version="1.2" encoding="UTF-8" standalone="yes"?>
<addon id="repository.thejoe" name="The Joe Repository" version="1.2" provider-name="The Joe">
	<extension point="xbmc.addon.repository" name="The Joe Repository">
		<info compressed="false">https://raw.githubusercontent.com/TheJoe1990/thejoe1990.github.io/master/zips/addons.xml</info>
		<checksum>https://raw.githubusercontent.com/TheJoe1990/thejoe1990.github.io/master/zips/addons.xml.md5</checksum>
		<datadir zip="true">https://raw.githubusercontent.com/TheJoe1990/thejoe1990.github.io/master/zips/</datadir>
	</extension>
	<extension point="xbmc.addon.metadata">
		<summary>The Joe's Kodi Build Repository</summary>
		<description>The Joe's Builds</description>
		<platform>all</platform>
	</extension>
</addon>
