<?xml version="1.1" encoding="UTF-8" standalone="yes"?>
<addon id="plugin.program.thejoewizard" name="The Joe Wizard" version="1.6.0" provider-name="The Joe">
  <requires>
    <import addon="xbmc.python" version="2.1.0"/>
  </requires>
  <extension point="xbmc.python.pluginsource" library="default.py">
    <provides>executable</provides>
  </extension>
  <extension point="xbmc.service" library="startup.py" start="startup" />
  <extension point="xbmc.addon.metadata">
    <summary lang="en">The Joe Wizard</summary>
    <description lang="en">Version 2 The Joe Wizard offers many maintenance features, selective add-on data saving, and automated build installs.</description>
    <platform>all</platform>
  </extension>
</addon>
